,Unnamed: 0,Mkt-RF,SMB,HML,RMW,CMA,RF
0,196307,-0.39,-0.48,-0.81,0.64,-1.15,0.27
1,196308,5.08,-0.8,1.7,0.4,-0.38,0.25
2,196309,-1.57,-0.43,0.0,-0.78,0.15,0.27
3,196310,2.54,-1.34,-0.04,2.79,-2.25,0.29
4,196311,-0.86,-0.85,1.73,-0.43,2.27,0.27
5,196312,1.83,-1.89,-0.21,0.12,-0.25,0.29
6,196401,2.27,0.1,1.63,0.21,1.48,0.3
7,196402,1.55,0.33,2.81,0.11,0.81,0.26
8,196403,1.41,1.41,3.29,-2.03,2.98,0.31
9,196404,0.11,-1.48,-0.54,-1.32,-1.13,0.29
10,196405,1.41,-0.62,1.81,-0.15,0.13,0.26
11,196406,1.27,0.13,0.68,-0.33,0.1,0.3
12,196407,1.74,0.5,0.79,0.15,1.85,0.3
13,196408,-1.44,0.29,0.07,0.15,0.31,0.28
14,196409,2.69,-0.34,1.72,-0.5,0.56,0.28
15,196410,0.6,0.9,1.08,-0.2,0.52,0.29
16,196411,-0.01,-0.24,-2.04,0.71,-0.16,0.29
17,196412,0.04,-0.65,-2.43,0.95,-1.55,0.31
18,196501,3.54,2.5,0.36,0.94,-0.02,0.28
19,196502,0.44,3.24,0.22,0.26,-0.62,0.3
20,196503,-1.34,2.08,1.15,-0.29,0.65,0.36
21,196504,3.11,1.14,0.73,0.29,-2.27,0.31
22,196505,-0.78,0.05,-1.55,-0.42,0.59,0.31
23,196506,-5.51,-4.2,0.23,0.24,0.43,0.35
24,196507,1.44,1.1,2.19,-1.41,-0.08,0.31
25,196508,2.73,2.77,-0.98,2.03,-0.81,0.33
26,196509,2.86,0.7,-0.14,-0.85,0.73,0.31
27,196510,2.6,3.45,1.55,1.19,-0.76,0.31
28,196511,-0.02,5.22,0.16,-1.08,-0.87,0.35
29,196512,1.01,2.62,2.15,-1.3,-0.55,0.33
30,196601,0.72,4.85,3.27,-2.65,-0.26,0.38
31,196602,-1.21,4.79,0.38,-0.16,-1.45,0.35
32,196603,-2.51,0.21,-2.13,1.29,-0.05,0.38
33,196604,2.13,3.33,-0.36,0.42,-0.92,0.34
34,196605,-5.67,-5.11,-1.6,1.64,-1.48,0.41
35,196606,-1.44,1.32,0.49,0.08,0.79,0.38
36,196607,-1.63,-0.38,0.91,-0.38,1.74,0.35
37,196608,-7.94,-3.15,0.5,-0.64,0.77,0.41
38,196609,-1.06,-1.02,0.48,-1.19,2.35,0.4
39,196610,3.86,-6.48,2.74,-3.91,4.23,0.45
40,196611,1.38,3.34,-4.63,4.66,-6.51,0.4
41,196612,0.13,1.88,-0.95,0.17,-0.16,0.4
42,196701,8.15,8.98,2.36,1.29,-3.06,0.43
43,196702,0.77,3.01,-2.26,1.66,-0.93,0.36
44,196703,4.0,1.77,0.47,0.82,-1.5,0.39
45,196704,3.89,0.43,-2.29,3.09,-3.72,0.32
46,196705,-4.32,2.45,0.8,-1.19,1.62,0.33
47,196706,2.42,6.42,0.8,-0.84,-2.49,0.27
48,196707,4.58,3.58,2.75,0.45,2.66,0.32
49,196708,-0.9,0.77,1.43,0.3,1.35,0.31
50,196709,3.11,2.43,-2.47,0.22,-0.93,0.32
51,196710,-3.08,0.57,-3.29,0.97,-2.74,0.39
52,196711,0.37,-0.06,-1.71,1.31,-2.28,0.36
53,196712,3.05,5.59,-0.54,-0.74,-0.03,0.33
54,196801,-4.03,4.68,4.85,-4.89,6.46,0.4
55,196802,-3.74,-2.92,1.23,-0.08,2.46,0.39
56,196803,0.21,-1.55,-0.63,1.07,-1.15,0.38
57,196804,9.01,6.17,-1.1,2.79,-3.73,0.43
58,196805,2.28,6.97,0.82,0.49,-1.92,0.45
59,196806,0.7,-0.33,0.66,-1.56,2.8,0.43
60,196807,-2.69,-1.39,5.31,-3.18,3.79,0.48
61,196808,1.35,2.33,0.99,-0.66,0.47,0.42
62,196809,4.05,2.81,0.3,-1.94,0.87,0.43
63,196810,0.44,-0.43,2.82,-1.36,2.84,0.44
64,196811,5.42,2.39,-0.96,0.44,-2.51,0.42
65,196812,-3.93,3.55,0.04,-1.91,1.93,0.43
66,196901,-1.25,-0.42,1.66,-1.52,1.29,0.53
67,196902,-5.86,-4.16,0.89,1.99,0.75,0.46
68,196903,2.67,-0.51,-0.42,-1.34,-0.44,0.46
69,196904,1.47,-0.78,0.02,0.28,-0.16,0.53
70,196905,-0.1,-0.18,0.62,-0.87,1.05,0.48
71,196906,-7.18,-5.47,-1.1,4.27,-1.63,0.51
72,196907,-7.0,-3.39,1.18,1.51,1.84,0.53
73,196908,4.69,0.58,-3.75,1.06,-3.98,0.5
74,196909,-2.97,1.29,-3.22,3.36,-0.62,0.62
75,196910,5.05,3.91,-3.12,0.08,-2.08,0.6
76,196911,-3.8,-2.42,-1.25,1.4,0.21,0.52
77,196912,-2.63,-3.72,-2.88,2.55,-1.92,0.64
78,197001,-8.11,3.08,3.17,-1.75,3.96,0.6
79,197002,5.14,-2.57,3.69,-2.41,2.87,0.62
80,197003,-1.06,-2.42,4.08,-1.06,4.42,0.57
81,197004,-10.99,-6.34,6.14,-0.63,5.9,0.5
82,197005,-6.91,-4.46,3.32,-1.29,3.79,0.53
83,197006,-5.8,-2.1,0.44,0.14,2.71,0.58
84,197007,6.92,-0.66,0.93,-0.3,1.72,0.52
85,197008,4.5,1.44,1.41,0.57,-0.14,0.53
86,197009,4.18,8.5,-5.41,0.25,-5.98,0.54
87,197010,-2.28,-4.36,0.21,1.81,2.25,0.46
88,197011,4.62,-3.88,1.58,1.53,1.39,0.46
89,197012,5.74,2.89,1.04,0.28,0.3,0.42
90,197101,4.83,7.44,1.55,-2.02,-0.06,0.38
91,197102,1.41,2.01,-1.24,0.64,-0.8,0.33
92,197103,4.12,2.22,-3.95,1.78,-2.65,0.3
93,197104,3.15,-0.36,0.86,-1.46,0.85,0.28
94,197105,-4.0,-1.12,-1.33,1.49,0.2,0.29
95,197106,-0.09,-1.51,-1.97,1.58,-1.67,0.37
96,197107,-4.49,-1.43,-0.02,0.58,1.39,0.4
97,197108,3.79,-0.23,2.64,-0.43,2.59,0.47
98,197109,-0.86,0.26,-2.9,2.54,-1.58,0.37
99,197110,-4.42,-1.59,-0.51,1.56,-1.39,0.37
100,197111,-0.46,-2.86,-1.67,2.41,-0.44,0.37
101,197112,8.71,3.24,-0.38,-0.43,-1.68,0.37
102,197201,2.47,6.09,2.12,-1.69,0.54,0.29
103,197202,2.87,0.87,-2.83,1.69,-0.5,0.25
104,197203,0.62,-0.47,-1.61,1.58,-0.2,0.27
105,197204,0.29,0.27,0.03,-0.41,-1.06,0.29
106,197205,1.29,-3.12,-2.72,2.4,-1.97,0.3
107,197206,-2.46,-0.43,-2.46,1.78,-0.35,0.29
108,197207,-0.8,-2.79,0.6,1.2,-0.71,0.31
109,197208,3.27,-3.46,4.56,-2.04,2.9,0.29
110,197209,-1.14,-2.24,0.49,1.65,-1.97,0.34
111,197210,0.52,-2.55,1.22,-0.11,0.03,0.4
112,197211,4.59,-0.59,4.88,-1.98,3.34,0.37
113,197212,0.62,-1.89,-2.18,2.58,-2.14,0.37
114,197301,-3.28,-2.82,2.7,0.4,0.9,0.44
115,197302,-4.85,-3.94,1.64,-0.29,0.05,0.42
116,197303,-1.3,-2.29,2.57,-0.96,0.5,0.46
117,197304,-5.68,-2.92,5.39,-1.55,2.52,0.52
118,197305,-2.97,-6.12,0.38,1.97,-1.7,0.51
119,197306,-1.57,-2.48,1.14,-0.2,0.09,0.51
120,197307,5.04,7.19,-5.26,-0.09,-3.23,0.64
121,197308,-3.82,-1.78,1.03,-1.32,1.24,0.7
122,197309,4.74,3.58,2.22,-2.22,1.73,0.68
123,197310,-0.83,-0.27,1.66,-1.99,2.73,0.65
124,197311,-12.79,-7.27,4.09,-2.77,1.66,0.56
125,197312,0.59,-4.72,4.01,-2.89,2.44,0.64
126,197401,-0.16,10.39,5.95,-2.92,4.49,0.63
127,197402,-0.46,0.12,2.47,-1.85,2.67,0.58
128,197403,-2.82,2.62,-0.14,2.9,0.44,0.56
129,197404,-5.28,-0.66,0.92,2.71,2.14,0.75
130,197405,-4.7,-3.06,-2.08,5.01,-0.33,0.75
131,197406,-2.84,-0.05,0.83,0.5,2.98,0.6
132,197407,-8.06,1.84,5.16,-3.2,4.5,0.7
133,197408,-9.39,0.28,2.61,-0.29,2.59,0.6
134,197409,-11.78,1.47,5.43,-4.33,5.82,0.81
135,197410,16.1,-6.78,-9.91,-0.29,-2.91,0.51
136,197411,-4.53,-1.41,-0.25,-3.42,2.9,0.54
137,197412,-3.45,-4.27,0.12,-0.76,3.38,0.7
138,197501,13.67,12.88,8.26,-0.54,-1.05,0.58
139,197502,5.56,-0.69,-4.47,1.17,-2.11,0.43
140,197503,2.66,3.97,2.42,1.25,-1.34,0.41
141,197504,4.22,-0.69,-1.13,1.39,-1.37,0.44
142,197505,5.2,2.98,-4.05,-1.13,-0.56,0.44
143,197506,4.87,1.33,1.35,-2.7,1.07,0.41
144,197507,-6.6,3.4,1.76,0.45,1.24,0.48
145,197508,-2.84,-2.77,-0.91,1.09,-0.99,0.48
146,197509,-4.26,-0.02,0.33,0.58,0.57,0.53
147,197510,5.32,-4.25,0.35,-0.52,2.28,0.56
148,197511,2.65,-1.1,2.03,-0.66,1.74,0.41
149,197512,-1.6,-0.16,1.7,-0.11,0.77,0.48
150,197601,12.16,6.39,8.63,-1.75,2.33,0.47
151,197602,0.32,7.91,5.71,-2.55,3.7,0.34
152,197603,2.32,-1.38,-0.11,-0.38,0.99,0.4
153,197604,-1.48,0.1,-0.16,0.45,-1.05,0.42
154,197605,-1.35,-1.09,-1.29,2.43,-1.39,0.37
155,197606,4.05,-1.07,0.73,-0.67,1.02,0.43
156,197607,-1.06,0.61,1.74,-1.03,0.3,0.47
157,197608,-0.57,-2.02,0.79,-0.4,-0.57,0.42
158,197609,2.04,0.2,-0.31,0.98,-1.14,0.44
159,197610,-2.42,0.05,-0.17,-0.19,-0.37,0.41
160,197611,0.37,2.7,1.53,-1.31,0.07,0.4
161,197612,5.65,3.6,2.23,-0.72,2.41,0.4
162,197701,-4.04,5.91,4.32,-0.54,1.93,0.36
163,197702,-1.94,1.05,0.45,-0.21,-0.19,0.35
164,197703,-1.35,1.29,1.09,-0.32,-0.11,0.38
165,197704,0.15,0.6,3.38,-1.98,1.04,0.38
166,197705,-1.47,1.37,0.81,0.43,0.22,0.37
167,197706,4.72,2.1,-0.62,0.91,-1.27,0.4
168,197707,-1.69,1.81,-0.6,0.75,0.12,0.42
169,197708,-1.76,0.93,-2.77,1.04,-0.67,0.44
170,197709,-0.27,1.62,-0.26,0.92,-0.65,0.43
171,197710,-4.39,1.41,1.62,-0.09,-0.46,0.49
172,197711,4.02,3.6,0.23,-0.06,0.68,0.5
173,197712,0.27,1.61,-0.29,0.93,-0.66,0.49
174,197801,-5.99,2.76,3.38,-1.8,1.56,0.49
175,197802,-1.39,3.7,0.81,0.3,1.05,0.46
176,197803,2.85,3.65,1.15,-0.57,2.0,0.53
177,197804,7.87,-0.32,-3.54,2.87,-1.27,0.54
178,197805,1.76,4.54,-0.55,0.2,0.29,0.51
179,197806,-1.69,1.64,0.6,-1.41,-0.12,0.54
180,197807,5.12,0.17,-1.0,1.47,-0.73,0.56
181,197808,3.79,4.93,-0.66,1.57,0.5,0.56
182,197809,-1.45,-0.38,1.88,-0.69,1.57,0.62
183,197810,-11.91,-10.04,1.26,0.17,1.14,0.68
184,197811,2.72,2.9,-2.08,1.09,-1.19,0.7
185,197812,0.88,1.01,-2.14,2.01,-1.47,0.78
186,197901,4.22,3.74,2.19,-2.4,1.58,0.77
187,197902,-3.56,0.53,1.17,-1.11,0.96,0.73
188,197903,5.67,3.17,-0.68,0.54,0.29,0.81
189,197904,-0.07,2.4,1.12,1.14,0.24,0.8
190,197905,-2.21,0.18,1.32,-1.56,-0.31,0.82
191,197906,3.84,0.94,1.42,-1.58,-0.56,0.81
192,197907,0.83,1.27,1.79,-0.44,0.52,0.77
193,197908,5.54,1.85,-1.58,1.5,-1.46,0.77
194,197909,-0.83,-0.28,-0.94,0.84,0.5,0.83
195,197910,-8.1,-3.49,-1.83,0.96,0.14,0.87
196,197911,5.23,2.51,-3.21,-0.03,-1.83,0.99
197,197912,1.78,4.27,-2.13,-0.67,-1.01,0.95
198,198001,5.5,1.88,1.85,-1.84,1.89,0.8
199,198002,-1.23,-1.62,0.59,-0.95,2.92,0.89
200,198003,-12.89,-6.97,-0.96,1.82,-1.05,1.21
201,198004,3.96,1.05,1.03,-2.18,0.34,1.26
202,198005,5.26,2.0,0.38,0.43,-0.63,0.81
203,198006,2.97,1.46,-0.8,-0.2,-0.81,0.61
204,198007,6.51,3.74,-6.29,4.06,-2.44,0.53
205,198008,1.75,4.23,-2.46,2.05,-0.73,0.64
206,198009,2.19,0.63,-4.61,1.9,-2.86,0.75
207,198010,1.04,2.21,-2.93,1.77,-1.43,0.95
208,198011,9.6,-3.27,-8.11,4.26,-5.52,0.96
209,198012,-4.46,-0.28,2.8,-1.27,1.27,1.31
210,198101,-5.06,3.3,6.74,-3.38,4.27,1.04
211,198102,0.61,-0.65,0.97,0.26,2.06,1.07
212,198103,3.66,2.85,0.61,-2.27,-0.56,1.21
213,198104,-2.16,4.72,2.28,0.81,1.54,1.08
214,198105,0.13,2.36,-0.43,0.47,-1.78,1.15
215,198106,-2.34,-0.93,5.14,-1.29,2.69,1.35
216,198107,-1.55,-1.95,-0.61,1.08,-2.66,1.24
217,198108,-7.02,-1.82,4.71,-0.31,1.38,1.28
218,198109,-7.2,-2.46,5.11,0.08,2.53,1.24
219,198110,4.92,2.28,-4.09,3.12,-2.79,1.21
220,198111,3.4,-1.58,1.91,0.14,1.0,1.07
221,198112,-3.63,1.18,0.79,0.21,2.45,0.87
222,198201,-3.23,-1.1,3.19,-1.43,1.95,0.8
223,198202,-5.86,0.4,6.09,-3.55,4.57,0.92
224,198203,-1.82,0.02,3.76,-1.28,2.37,0.98
225,198204,3.24,1.21,-3.08,1.5,-0.05,1.13
226,198205,-3.93,0.41,1.78,0.96,-0.12,1.06
227,198206,-3.08,-0.51,1.56,0.09,2.53,0.96
228,198207,-3.2,1.01,0.07,1.0,1.44,1.05
229,198208,11.15,-4.46,1.09,-1.85,0.17,0.76
230,198209,1.32,2.55,0.23,2.16,-0.02,0.51
231,198210,11.24,1.96,-3.62,0.2,-0.3,0.59
232,198211,4.68,4.39,-1.8,-1.02,0.29,0.63
233,198212,0.56,-0.14,-0.06,0.0,1.0,0.67
234,198301,3.59,3.41,-0.72,-1.52,-0.56,0.69
235,198302,2.59,2.88,0.66,-0.36,1.01,0.62
236,198303,2.81,1.37,2.06,-0.19,2.8,0.63
237,198304,6.65,0.43,0.43,-0.07,1.51,0.71
238,198305,0.51,6.26,-1.4,-1.81,-1.43,0.69
239,198306,3.07,1.16,-3.89,2.55,-0.78,0.67
240,198307,-4.06,1.05,5.54,-0.07,2.88,0.74
241,198308,-0.5,-4.32,5.59,0.52,1.85,0.76
242,198309,0.91,0.3,0.99,1.21,0.5,0.76
243,198310,-3.43,-3.75,4.96,-0.82,3.0,0.76
244,198311,2.16,1.87,-0.73,-0.68,0.64,0.7
245,198312,-1.77,-0.42,1.75,1.55,1.33,0.73
246,198401,-1.92,0.0,7.48,-0.88,2.88,0.76
247,198402,-4.76,-1.58,3.41,1.04,1.51,0.71
248,198403,0.65,-0.25,0.53,-0.97,1.15,0.73
249,198404,-0.51,-0.94,1.19,3.3,0.77,0.81
250,198405,-5.98,0.14,0.26,2.41,-0.51,0.78
251,198406,1.81,0.16,-2.75,3.08,-1.57,0.75
252,198407,-2.72,-2.21,0.39,3.52,-2.16,0.82
253,198408,10.27,-0.28,-1.74,-0.73,-0.91,0.83
254,198409,-0.8,-0.04,5.25,1.37,2.39,0.86
255,198410,-0.84,-1.34,0.59,1.14,-1.04,1.0
256,198411,-1.77,-1.06,3.87,0.8,1.95,0.73
257,198412,1.84,-0.6,-0.03,1.08,-1.41,0.64
258,198501,7.97,3.45,-5.2,-0.99,-3.46,0.65
259,198502,1.22,0.91,-0.36,1.52,1.16,0.58
260,198503,-0.84,-1.38,4.01,1.23,2.86,0.62
261,198504,-0.96,-0.14,3.6,1.62,0.71,0.72
262,198505,5.07,-2.36,-0.98,1.27,-1.43,0.66
263,198506,1.27,0.21,0.38,1.69,-1.02,0.55
264,198507,-0.72,2.85,-1.62,-0.36,-0.37,0.62
265,198508,-1.01,-0.3,2.34,-0.16,1.93,0.55
266,198509,-4.5,-1.84,1.21,1.11,1.58,0.6
267,198510,4.0,-1.47,0.77,0.88,-1.06,0.65
268,198511,6.46,-0.05,-2.91,0.32,-2.35,0.61
269,198512,3.88,-0.41,-1.46,0.96,-1.77,0.65
270,198601,0.65,0.95,0.46,-1.99,-1.99,0.56
271,198602,7.14,-0.72,-0.63,1.16,-1.23,0.53
272,198603,4.91,-0.63,-0.39,1.0,0.81,0.6
273,198604,-1.28,2.81,-2.81,2.9,-0.1,0.52
274,198605,4.63,-1.29,-0.14,2.07,1.1,0.49
275,198606,1.06,-0.87,1.2,1.85,0.83,0.52
276,198607,-6.43,-3.53,4.66,-0.55,0.81,0.52
277,198608,6.07,-4.34,3.54,-1.71,3.32,0.46
278,198609,-8.59,2.1,3.23,-0.17,3.71,0.45
279,198610,4.64,-2.37,-1.42,-0.01,1.01,0.46
280,198611,1.16,-1.86,-0.02,0.98,0.7,0.39
281,198612,-3.26,0.19,0.36,0.87,0.09,0.49
282,198701,12.44,-1.61,-3.18,0.17,-1.03,0.42
283,198702,4.37,3.36,-5.86,-0.79,-2.55,0.43
284,198703,1.63,0.32,1.66,1.3,4.17,0.47
285,198704,-2.09,-1.58,-0.36,-0.52,1.16,0.44
286,198705,0.11,-0.58,0.22,0.49,1.13,0.38
287,198706,3.91,-2.11,1.13,1.56,1.07,0.48
288,198707,3.84,-1.07,0.94,-0.65,1.58,0.46
289,198708,3.52,-1.01,-0.98,2.11,-1.55,0.47
290,198709,-2.58,0.45,0.26,-0.88,1.82,0.45
291,198710,-23.19,-7.91,4.18,2.29,2.24,0.6
292,198711,-7.76,2.78,3.14,-1.93,0.6,0.35
293,198712,6.82,-0.01,-4.42,3.13,-2.46,0.39
294,198801,4.21,-0.56,4.93,-1.19,2.1,0.29
295,198802,4.77,3.3,-1.53,1.51,0.06,0.46
296,198803,-2.26,6.11,0.86,-0.23,1.78,0.44
297,198804,0.56,1.09,1.51,-0.09,1.9,0.46
298,198805,-0.27,-2.52,2.44,-0.77,0.3,0.51
299,198806,4.78,2.07,-1.35,1.52,-3.52,0.49
300,198807,-1.25,-0.18,2.18,-0.49,1.53,0.51
301,198808,-3.31,-0.02,2.14,-0.85,1.65,0.59
302,198809,3.31,-1.38,-0.75,1.76,-0.55,0.62
303,198810,1.16,-2.97,2.03,1.39,0.99,0.61
304,198811,-2.27,-1.58,1.47,-0.36,1.64,0.57
305,198812,1.48,1.94,-1.83,0.69,-0.38,0.63
306,198901,6.06,-2.26,0.61,-0.97,0.11,0.55
307,198902,-2.23,2.7,0.99,-0.84,1.88,0.61
308,198903,1.57,0.68,0.47,-0.01,0.65,0.67
309,198904,4.35,-0.75,-1.48,0.73,-0.48,0.67
310,198905,3.28,-0.06,-0.9,0.45,-0.26,0.79
311,198906,-1.33,-1.04,2.21,0.13,1.52,0.71
312,198907,7.18,-4.11,-2.8,2.05,-0.56,0.7
313,198908,1.43,0.48,0.62,0.36,-0.61,0.74
314,198909,-0.76,0.47,-1.27,1.39,0.58,0.65
315,198910,-3.65,-3.3,-1.16,0.08,-0.11,0.68
316,198911,1.04,-1.26,-1.13,-0.74,1.38,0.69
317,198912,1.18,-2.28,0.15,-0.07,1.31,0.61
318,199001,-7.8,-1.21,0.83,-1.12,1.4,0.57
319,199002,1.11,1.15,0.65,-0.04,-0.61,0.57
320,199003,1.83,1.59,-2.9,1.99,-0.94,0.64
321,199004,-3.36,-0.35,-2.57,1.78,-1.0,0.69
322,199005,8.44,-2.41,-3.89,1.68,-1.63,0.68
323,199006,-1.09,1.31,-2.0,-0.99,-0.39,0.63
324,199007,-1.9,-3.15,-0.06,-0.1,3.21,0.68
325,199008,-10.13,-3.79,1.56,-0.48,2.99,0.66
326,199009,-6.11,-3.72,0.59,0.03,3.62,0.6
327,199010,-1.91,-5.06,0.08,3.17,-0.25,0.68
328,199011,6.35,0.02,-2.97,0.58,-4.71,0.57
329,199012,2.48,0.6,-1.57,2.66,-1.98,0.6
330,199101,4.69,3.87,-1.48,1.34,-4.07,0.52
331,199102,7.21,4.02,-0.62,-0.06,-0.34,0.48
332,199103,2.67,3.81,-1.3,-0.52,-0.99,0.44
333,199104,-0.29,0.35,1.49,0.67,0.81,0.53
334,199105,3.66,0.14,-0.52,2.07,-2.36,0.47
335,199106,-4.94,0.3,1.08,1.75,0.68,0.42
336,199107,4.24,-1.0,-1.3,1.6,-1.44,0.49
337,199108,2.32,1.42,-0.79,0.85,-0.32,0.46
338,199109,-1.59,1.58,-1.23,-1.77,-0.04,0.46
339,199110,1.29,0.85,-0.43,-1.65,-0.3,0.42
340,199111,-4.2,-0.88,-1.77,1.1,-0.12,0.39
341,199112,10.86,-2.41,-4.23,3.67,-3.14,0.38
342,199201,-0.59,9.19,4.67,-1.17,3.25,0.34
343,199202,1.09,1.3,6.51,0.07,2.25,0.28
344,199203,-2.66,-0.89,3.49,-0.06,1.82,0.34
345,199204,1.09,-5.75,4.36,1.65,2.4,0.32
346,199205,0.3,0.2,1.11,-0.91,0.49,0.28
347,199206,-2.33,-2.76,3.24,-0.06,0.95,0.32
348,199207,3.78,-0.65,-0.51,1.24,-0.97,0.31
349,199208,-2.38,-0.39,-1.09,3.66,-1.64,0.26
350,199209,1.19,0.47,-0.19,1.61,-0.68,0.26
351,199210,1.02,2.09,-1.98,1.19,-0.91,0.23
352,199211,4.14,3.88,-1.52,-0.54,-1.58,0.23
353,199212,1.53,1.65,2.64,-0.52,0.83,0.28
354,199301,0.93,1.94,5.9,-1.9,2.94,0.23
355,199302,0.12,-3.37,6.48,-0.47,4.15,0.22
356,199303,2.32,0.09,1.26,-0.22,0.82,0.25
357,199304,-3.05,-0.81,2.55,-3.69,1.38,0.24
358,199305,2.89,1.94,-3.46,-0.14,-1.03,0.22
359,199306,0.3,0.12,2.64,-0.91,1.16,0.25
360,199307,-0.34,0.96,2.87,-1.84,2.05,0.24
361,199308,3.72,0.08,0.18,-1.52,0.04,0.25
362,199309,-0.12,3.02,-0.24,0.25,-0.19,0.26
363,199310,1.41,1.86,-2.78,0.61,0.56,0.22
364,199311,-1.86,-1.31,-0.78,2.19,-1.03,0.25
365,199312,1.65,1.35,0.25,1.14,-0.35,0.23
366,199401,2.87,-0.05,1.1,-1.54,1.39,0.25
367,199402,-2.55,2.62,-1.52,2.08,-0.94,0.21
368,199403,-4.79,-1.03,1.67,0.65,1.39,0.27
369,199404,0.68,-1.0,1.66,1.05,1.14,0.27
370,199405,0.58,-2.49,0.6,0.64,0.6,0.32
371,199406,-3.04,-0.52,1.77,1.05,1.5,0.31
372,199407,2.82,-1.87,0.61,-0.66,0.1,0.28
373,199408,4.02,1.44,-2.55,0.98,-1.52,0.37
374,199409,-2.28,2.71,-1.81,0.56,1.06,0.37
375,199410,1.35,-2.22,-1.66,0.18,-0.73,0.38
376,199411,-4.03,0.09,-0.73,0.48,-0.53,0.37
377,199412,0.86,-0.05,-0.09,0.4,0.36,0.44
378,199501,1.8,-3.07,2.59,0.15,-0.65,0.42
379,199502,3.63,-0.49,0.99,0.61,-0.4,0.4
380,199503,2.19,-0.53,-2.13,-0.13,0.23,0.46
381,199504,2.11,-0.26,1.67,0.43,0.82,0.44
382,199505,2.9,-2.17,2.28,0.41,0.01,0.54
383,199506,2.72,3.05,-2.54,-0.23,-2.39,0.47
384,199507,3.71,2.12,-1.58,0.22,-1.58,0.45
385,199508,0.55,1.7,2.68,-1.17,1.49,0.47
386,199509,3.36,-1.86,-0.11,0.99,0.4,0.43
387,199510,-1.51,-4.07,-0.49,1.93,-0.1,0.47
388,199511,3.96,-1.06,0.52,-0.57,1.0,0.42
389,199512,1.04,0.65,0.24,-1.44,3.02,0.49
390,199601,2.26,-2.64,0.46,0.26,2.3,0.43
391,199602,1.33,1.77,-1.05,0.16,-1.89,0.39
392,199603,0.74,1.56,0.42,1.44,-0.95,0.39
393,199604,2.05,4.7,-3.97,-0.2,-2.03,0.46
394,199605,2.36,3.23,-0.9,0.03,-0.33,0.42
395,199606,-1.13,-3.67,2.33,3.5,1.2,0.4
396,199607,-5.96,-3.78,5.19,2.9,2.68,0.45
397,199608,2.77,2.58,-0.82,-0.38,-2.47,0.41
398,199609,5.01,-1.41,-2.74,1.3,-2.13,0.44
399,199610,0.87,-3.79,4.88,1.38,2.97,0.42
400,199611,6.25,-3.82,1.4,2.06,-0.69,0.41
401,199612,-1.7,3.19,1.28,0.23,1.49,0.46
402,199701,4.97,-1.82,-1.44,1.22,-0.07,0.45
403,199702,-0.48,-2.54,5.61,0.72,3.47,0.39
404,199703,-5.02,-0.41,3.39,0.39,1.53,0.43
405,199704,4.04,-5.7,0.0,3.36,-1.02,0.43
406,199705,6.73,4.68,-4.11,-1.04,-2.76,0.49
407,199706,4.1,1.17,1.44,0.56,0.45,0.37
408,199707,7.31,-2.74,0.13,0.18,-2.56,0.43
409,199708,-4.09,7.5,1.13,-1.02,-0.17,0.41
410,199709,5.34,2.48,0.24,-1.58,-0.93,0.44
411,199710,-3.81,-0.56,2.33,0.75,2.01,0.42
412,199711,2.99,-5.01,1.22,3.08,1.73,0.39
413,199712,1.36,-2.09,3.74,0.64,1.95,0.48
414,199801,0.14,-1.28,-1.68,0.91,-0.62,0.43
415,199802,7.04,0.05,-0.93,-0.37,-2.58,0.39
416,199803,4.76,-0.73,1.38,-0.55,-0.23,0.39
417,199804,0.74,0.01,1.03,-1.68,-0.36,0.43
418,199805,-3.05,-3.0,3.41,1.03,2.47,0.4
419,199806,3.21,-3.61,-2.03,-0.26,-3.03,0.41
420,199807,-2.42,-5.2,-1.83,1.64,0.76,0.4
421,199808,-16.05,-4.97,3.57,3.35,5.78,0.43
422,199809,6.19,-0.89,-3.51,-1.84,-2.84,0.46
423,199810,6.98,-3.36,-2.33,0.88,0.18,0.32
424,199811,6.07,0.76,-3.24,-0.92,-0.92,0.31
425,199812,6.15,-1.5,-4.25,-0.69,-3.26,0.38
426,199901,3.47,-0.82,-4.46,-2.8,-6.41,0.35
427,199902,-4.08,-5.15,1.95,-1.23,4.08,0.35
428,199903,3.48,-4.37,-2.61,-4.05,-1.07,0.43
429,199904,4.34,4.52,2.4,-2.47,0.84,0.37
430,199905,-2.46,3.75,2.49,0.95,3.18,0.34
431,199906,4.77,2.34,-3.22,0.93,-2.91,0.4
432,199907,-3.49,2.54,-0.18,0.29,3.27,0.38
433,199908,-1.37,-1.67,-1.93,-0.24,0.72,0.39
434,199909,-2.77,2.48,-2.9,-0.96,-0.99,0.39
435,199910,6.09,-7.13,-2.88,-1.75,-0.87,0.39
436,199911,3.41,5.69,-5.65,-4.18,-1.84,0.36
437,199912,7.66,5.1,-7.66,-8.0,-5.87,0.44
438,200001,-4.74,4.21,-1.12,-6.15,4.56,0.41
439,200002,2.45,18.46,-9.77,-18.95,-1.13,0.43
440,200003,5.21,-15.54,8.5,11.65,-1.2,0.47
441,200004,-6.35,-4.75,6.45,8.07,5.63,0.46
442,200005,-4.39,-3.86,4.59,4.05,1.47,0.5
443,200006,4.68,9.95,-8.04,-8.31,-3.17,0.4
444,200007,-2.48,-0.94,8.06,5.72,2.98,0.48
445,200008,7.03,-0.95,-1.37,-3.06,1.21,0.5
446,200009,-5.44,0.27,7.24,2.7,5.54,0.51
447,200010,-2.78,-2.58,5.58,9.54,3.71,0.56
448,200011,-10.7,-0.35,12.24,13.05,8.35,0.51
449,200012,1.18,3.26,7.55,1.92,4.82,0.5
450,200101,3.25,5.23,-5.05,-5.2,-5.21,0.54
451,200102,-10.03,2.87,12.23,9.12,9.01,0.38
452,200103,-7.25,2.33,6.47,3.34,3.72,0.42
453,200104,7.94,-0.88,-4.64,-3.18,-3.19,0.39
454,200105,0.68,3.55,3.38,0.29,1.95,0.32
455,200106,-1.94,6.69,-1.26,1.57,-1.67,0.28
456,200107,-2.13,-2.86,4.95,7.29,2.9,0.3
457,200108,-6.4,2.54,2.86,3.81,6.53,0.31
458,200109,-9.24,-5.74,1.52,5.03,3.35,0.28
459,200110,2.48,5.34,-7.31,-2.98,-4.36,0.22
460,200111,7.53,-0.36,2.17,-3.49,-1.68,0.17
461,200112,1.61,5.11,0.83,0.26,-0.28,0.15
462,200201,-1.44,1.28,3.42,4.73,2.83,0.14
463,200202,-2.28,-0.38,2.34,8.03,5.1,0.13
464,200203,4.24,4.15,1.08,-1.83,0.66,0.13
465,200204,-5.21,6.63,4.01,4.59,5.35,0.15
466,200205,-1.36,-3.07,1.52,2.31,2.53,0.14
467,200206,-7.23,3.76,0.37,3.92,2.66,0.13
468,200207,-8.19,-6.33,-3.51,3.84,-1.1,0.15
469,200208,0.5,-1.28,3.01,1.37,-1.4,0.14
470,200209,-10.34,3.05,1.26,3.29,-2.29,0.14
471,200210,7.84,-4.29,-3.76,-3.16,0.73,0.14
472,200211,5.96,2.94,-1.16,-9.25,5.16,0.12
473,200212,-5.76,0.55,2.11,6.32,-1.79,0.11
474,200301,-2.57,0.71,-0.79,-0.93,0.69,0.1
475,200302,-1.88,-0.87,-1.36,0.79,-0.68,0.09
476,200303,1.09,0.77,-2.11,1.68,-0.81,0.1
477,200304,8.18,1.14,1.22,-4.68,0.98,0.1
478,200305,6.05,4.78,0.7,-6.94,3.07,0.09
479,200306,1.42,1.65,0.14,0.44,-0.4,0.1
480,200307,2.33,4.4,-1.53,-3.89,1.52,0.07
481,200308,2.33,2.37,1.64,-2.29,2.15,0.07
482,200309,-1.24,0.57,0.14,0.9,0.41,0.08
483,200310,6.08,2.63,2.21,-1.38,1.65,0.07
484,200311,1.35,2.31,1.72,0.21,1.68,0.07
485,200312,4.29,-2.51,1.51,0.57,0.85,0.08
486,200401,2.15,2.46,2.42,-3.6,3.33,0.07
487,200402,1.4,-0.92,0.95,2.13,-1.17,0.06
488,200403,-1.32,2.11,0.23,1.65,-0.98,0.09
489,200404,-1.82,-2.06,-3.23,3.46,-2.83,0.08
490,200405,1.18,-0.4,-0.18,-1.17,0.01,0.06
491,200406,1.86,2.52,1.21,1.12,-0.31,0.08
492,200407,-4.04,-2.92,3.22,5.21,-1.68,0.1
493,200408,0.08,-1.18,1.08,1.21,-1.35,0.11
494,200409,1.6,3.22,-0.05,-1.49,-1.72,0.11
495,200410,1.42,0.15,-0.26,-0.53,0.41,0.11
496,200411,4.53,4.12,1.57,-0.52,-0.18,0.15
497,200412,3.41,-0.04,-0.23,-1.07,0.39,0.16
498,200501,-2.75,-1.11,2.06,2.8,-1.41,0.16
499,200502,1.88,-0.3,1.41,1.32,-0.21,0.16
500,200503,-1.93,-1.41,2.07,0.44,1.34,0.21
501,200504,-2.6,-3.97,0.05,0.97,-0.85,0.21
502,200505,3.65,2.76,-0.58,-1.02,0.28,0.24
503,200506,0.58,3.26,2.8,0.87,-0.52,0.23
504,200507,3.92,2.76,-0.78,-1.19,-0.78,0.24
505,200508,-1.2,-0.94,1.34,-1.96,0.38,0.3
506,200509,0.48,-0.31,0.78,0.26,-0.61,0.29
507,200510,-2.04,-1.5,0.43,-0.7,-1.26,0.27
508,200511,3.61,0.9,-1.19,-0.79,-1.09,0.31
509,200512,-0.24,-0.25,0.15,0.18,0.2,0.32
510,200601,3.03,5.83,0.99,-0.66,-0.35,0.35
511,200602,-0.3,-0.46,-0.31,-0.54,1.98,0.34
512,200603,1.47,3.34,0.61,0.03,-0.44,0.37
513,200604,0.73,-0.79,2.26,1.74,-0.13,0.36
514,200605,-3.56,-2.9,2.38,0.87,1.53,0.43
515,200606,-0.34,-0.24,0.85,1.32,-0.13,0.4
516,200607,-0.77,-3.6,2.62,1.63,0.84,0.4
517,200608,2.03,0.45,-1.95,-1.81,2.14,0.42
518,200609,1.84,-1.39,0.06,0.78,0.46,0.41
519,200610,3.22,1.98,-0.33,-0.11,0.32,0.41
520,200611,1.7,0.63,0.04,0.2,-0.8,0.42
521,200612,0.85,-0.81,2.74,-0.65,1.88,0.4
522,200701,1.38,0.02,-0.68,0.19,0.4,0.44
523,200702,-1.96,1.33,-0.08,-0.52,-0.66,0.38
524,200703,0.71,0.14,-0.88,0.55,-0.67,0.43
525,200704,3.49,-2.08,-1.44,1.18,1.01,0.44
526,200705,3.24,0.33,-0.59,1.47,-1.26,0.41
527,200706,-1.96,0.7,-1.05,0.49,0.06,0.4
528,200707,-3.72,-3.05,-3.68,0.26,-1.16,0.4
529,200708,0.94,-0.33,-1.87,-1.27,-0.57,0.42
530,200709,3.22,-2.44,-2.17,-0.49,-2.94,0.32
531,200710,1.79,-0.03,-2.87,-0.33,0.06,0.32
532,200711,-4.8,-2.91,-1.09,1.75,-0.36,0.34
533,200712,-0.87,0.18,-0.51,0.9,-1.07,0.27
534,200801,-6.32,-0.63,4.0,2.12,2.06,0.21
535,200802,-3.09,-0.64,-0.72,1.07,-0.97,0.13
536,200803,-0.94,0.59,0.31,0.89,0.47,0.17
537,200804,4.61,-1.16,-0.96,1.81,-2.56,0.18
538,200805,1.87,3.04,-1.5,0.92,0.14,0.18
539,200806,-8.43,1.16,-2.51,4.98,-0.69,0.17
540,200807,-0.75,3.71,5.2,-1.36,0.99,0.15
541,200808,1.53,3.28,1.52,1.83,0.66,0.13
542,200809,-9.35,0.38,5.66,2.4,1.7,0.15
543,200810,-17.2,-3.06,-1.89,2.73,1.38,0.08
544,200811,-7.74,-4.0,-6.21,4.67,2.39,0.03
545,200812,1.77,3.33,0.05,0.03,-1.52,0.0
546,200901,-8.09,-2.09,-11.02,0.0,-1.16,0.0
547,200902,-10.14,-1.17,-6.6,1.01,-0.62,0.01
548,200903,9.01,0.59,3.48,-2.58,-2.0,0.02
549,200904,10.17,7.14,5.38,1.34,0.5,0.01
550,200905,5.2,-2.24,0.41,-0.81,-1.99,0.0
551,200906,0.42,2.27,-2.76,-1.41,-0.37,0.01
552,200907,7.74,2.31,4.89,-0.26,3.08,0.01
553,200908,3.33,-0.1,7.6,-2.85,3.3,0.01
554,200909,4.08,2.72,1.15,1.15,0.34,0.01
555,200910,-2.55,-4.85,-4.17,4.22,-1.48,0.0
556,200911,5.58,-2.76,-0.33,0.9,0.0,0.0
557,200912,2.74,6.14,-0.11,0.71,-0.09,0.01
558,201001,-3.35,0.4,0.33,-1.08,0.51,0.0
559,201002,3.39,1.49,3.18,-0.29,1.42,0.0
560,201003,6.3,1.83,2.19,-0.61,1.74,0.01
561,201004,2.0,4.96,2.96,0.61,1.75,0.01
562,201005,-7.9,0.08,-2.48,1.3,-0.24,0.01
563,201006,-5.57,-2.42,-4.73,-0.1,-1.58,0.01
564,201007,6.92,0.04,-0.5,0.17,2.02,0.01
565,201008,-4.77,-3.06,-1.73,0.6,-1.6,0.01
566,201009,9.55,3.65,-3.02,-0.19,0.38,0.01
567,201010,3.87,0.73,-2.46,1.28,-0.38,0.01
568,201011,0.59,3.54,-0.9,0.32,1.79,0.01
569,201012,6.82,0.97,3.56,-3.42,3.17,0.01
570,201101,1.98,-2.31,0.61,-0.64,0.81,0.01
571,201102,3.48,1.65,1.18,-1.83,0.84,0.01
572,201103,0.46,2.56,-1.84,1.73,-0.07,0.01
573,201104,2.9,-0.53,-2.44,1.12,-0.86,0.0
574,201105,-1.27,-0.72,-1.85,1.92,-1.43,0.0
575,201106,-1.74,0.06,-0.2,2.27,-1.42,0.0
576,201107,-2.35,-1.11,-0.91,2.68,-1.73,0.0
577,201108,-5.96,-3.09,-2.43,3.41,-0.26,0.01
578,201109,-7.57,-3.49,-1.53,1.99,0.15,0.0
579,201110,11.34,3.25,0.06,-2.25,-0.73,0.0
580,201111,-0.27,-0.3,-0.52,1.94,1.44,0.0
581,201112,0.75,-0.29,1.54,1.06,2.47,0.0
582,201201,5.05,2.02,-0.93,-2.06,-1.48,0.0
583,201202,4.4,-1.67,0.42,-0.36,-0.08,0.0
584,201203,3.11,-0.48,1.19,-0.61,0.7,0.0
585,201204,-0.84,-0.5,-0.77,1.3,0.66,0.0
586,201205,-6.17,-0.08,-0.95,2.03,2.36,0.01
587,201206,3.9,0.89,0.55,-1.06,0.45,0.0
588,201207,0.79,-2.81,-0.06,1.04,0.01,0.0
589,201208,2.54,0.44,1.23,-1.5,-0.86,0.01
590,201209,2.73,0.57,1.62,-1.3,1.56,0.01
591,201210,-1.76,-0.83,3.52,-1.4,2.52,0.01
592,201211,0.78,0.4,-0.86,0.38,0.81,0.01
593,201212,1.18,1.92,3.48,-1.72,0.8,0.01
594,201301,5.57,0.42,1.01,-2.01,1.52,0.0
595,201302,1.29,-0.25,0.21,-0.59,0.61,0.0
596,201303,4.03,0.88,-0.22,0.27,1.41,0.0
597,201304,1.56,-2.24,0.44,0.39,0.43,0.0
598,201305,2.81,2.04,2.67,-2.0,-0.95,0.0
599,201306,-1.2,1.54,-0.05,-0.28,-0.06,0.0
600,201307,5.65,1.75,0.58,-1.35,0.57,0.0
601,201308,-2.71,-0.03,-2.73,0.71,-2.17,0.0
602,201309,3.77,2.65,-1.18,-0.54,-1.32,0.0
603,201310,4.17,-1.5,1.22,2.75,0.89,0.0
604,201311,3.12,1.44,0.19,0.26,0.06,0.0
605,201312,2.8,-0.44,0.0,-0.58,0.08,0.0
606,201401,-3.3,0.6,-1.99,-3.91,-1.54,0.0
607,201402,4.68,0.13,-0.35,-0.25,-0.54,0.0
608,201403,0.41,-1.13,4.9,2.02,1.92,0.0
609,201404,-0.19,-4.07,1.22,3.4,0.93,0.0
610,201405,2.04,-1.86,-0.1,-0.09,-0.96,0.0
611,201406,2.61,3.06,-0.71,-1.83,-1.91,0.0
612,201407,-2.03,-4.2,-0.08,0.93,0.51,0.0
613,201408,4.24,0.29,-0.57,-0.64,-0.69,0.0
614,201409,-1.96,-3.66,-1.47,1.2,-0.59,0.0
615,201410,2.51,3.66,-1.63,-0.39,0.21,0.0
616,201411,2.56,-2.3,-3.13,1.57,0.14,0.0
617,201412,-0.05,2.83,2.12,-1.21,0.9,0.0
618,201501,-3.09,-0.93,-3.45,1.58,-1.64,0.0
619,201502,6.14,0.36,-1.79,-1.1,-1.75,0.0
620,201503,-1.09,3.08,-0.38,0.07,-0.62,0.0
621,201504,0.6,-3.01,1.8,0.05,-0.62,0.0
622,201505,1.38,0.82,-1.11,-1.76,-0.83,0.0
623,201506,-1.54,2.9,-0.82,0.35,-1.54,0.0
624,201507,1.57,-4.58,-4.16,0.31,-2.44,0.0
625,201508,-6.02,0.29,2.75,0.66,1.29,0.0
626,201509,-3.06,-2.8,0.55,1.8,-0.59,0.0
627,201510,7.75,-2.06,-0.47,0.95,0.61,0.0
628,201511,0.57,3.3,-0.43,-2.65,-1.06,0.0
629,201512,-2.15,-2.95,-2.57,0.34,0.12,0.01
630,201601,-5.74,-3.44,2.08,2.78,3.05,0.01
631,201602,-0.07,0.87,-0.61,3.31,1.94,0.02
632,201603,6.95,1.0,1.22,0.68,0.01,0.02
633,201604,0.91,1.23,3.22,-2.85,1.77,0.01
634,201605,1.78,-0.62,-1.62,-1.1,-2.54,0.01
635,201606,-0.03,0.42,-1.49,1.45,1.9,0.02
636,201607,3.94,2.47,-1.24,1.31,-1.16,0.02
637,201608,0.49,1.66,3.17,-1.85,-0.36,0.02
638,201609,0.27,1.81,-1.19,-2.18,0.03,0.02
639,201610,-2.01,-4.02,4.11,0.99,0.25,0.02
640,201611,4.85,6.96,8.29,-0.24,3.71,0.01
641,201612,1.81,0.44,3.47,1.24,-0.32,0.03
642,201701,1.94,-1.44,-2.76,-0.51,-1.06,0.04
643,201702,3.55,-2.3,-1.5,0.45,-1.8,0.04
644,201703,0.17,0.75,-3.33,0.63,-0.95,0.03
645,201704,1.08,0.41,-2.05,1.79,-1.6,0.05
646,201705,1.07,-2.99,-3.82,0.99,-1.66,0.06
647,201706,0.78,2.52,1.5,-2.26,0.04,0.06
648,201707,1.88,-1.64,-0.23,-0.75,-0.15,0.07
649,201708,0.18,-1.83,-2.13,0.2,-2.38,0.09
650,201709,2.49,4.76,3.15,-1.54,1.63,0.09
651,201710,2.25,-1.91,0.13,0.92,-3.14,0.09
652,201711,3.12,-0.38,-0.09,3.19,-0.1,0.08
653,201712,1.06,-1.05,0.05,0.73,1.79,0.09
654,201801,5.58,-3.21,-1.32,-0.75,-1.05,0.11
655,201802,-3.64,0.34,-1.1,0.53,-2.36,0.11
656,201803,-2.35,3.61,-0.21,-0.41,0.08,0.12
657,201804,0.29,0.89,0.53,-2.42,1.24,0.14
658,201805,2.63,4.71,-3.14,-1.98,-1.49,0.14
659,201806,0.49,0.77,-2.33,0.83,0.2,0.14
660,201807,3.2,-1.93,0.49,1.53,0.31,0.16
661,201808,3.46,0.65,-3.91,-0.29,-2.57,0.16
662,201809,0.06,-2.49,-1.62,0.65,1.36,0.15
663,201810,-7.64,-4.38,3.38,1.03,3.6,0.19
664,201811,1.71,-0.81,0.36,-0.61,0.4,0.18
665,201812,-9.55,-2.81,-1.92,-0.03,0.24,0.19
666,201901,8.36,2.91,-0.39,-0.73,-1.65,0.21
667,201902,3.42,1.72,-2.66,0.16,-1.54,0.18
668,201903,1.1,-3.52,-4.14,0.88,-0.9,0.19
669,201904,3.97,-1.15,2.13,1.61,-2.18,0.21
670,201905,-6.92,-1.56,-2.45,-0.48,1.76,0.21
671,201906,6.92,0.37,-0.64,0.89,-0.42,0.18
672,201907,1.22,-1.82,0.5,-0.13,0.37,0.19
673,201908,-2.55,-3.25,-4.77,0.53,-0.62,0.16
674,201909,1.42,0.29,6.76,1.82,3.38,0.18
675,201910,2.07,0.25,-1.92,0.43,-1.03,0.15
676,201911,3.87,0.39,-2.0,-1.64,-1.14,0.12
677,201912,2.76,0.99,1.73,0.05,1.19,0.14
678,202001,-0.09,-4.37,-6.22,-1.19,-2.19,0.13
679,202002,-8.15,0.08,-3.82,-1.43,-2.53,0.12
680,202003,-13.35,-8.18,-13.83,-1.61,1.19,0.12
681,202004,13.58,2.57,-1.34,2.76,-1.02,0.0
682,202005,5.59,1.92,-5.0,0.96,-3.16,0.01
683,202006,2.44,1.95,-2.17,0.14,0.55,0.01
684,202007,5.83,-3.19,-1.44,0.38,0.97,0.01
685,202008,7.62,-0.89,-3.02,4.27,-1.51,0.01
686,202009,-3.64,-0.01,-2.72,-1.38,-1.93,0.01
687,202010,-2.08,4.67,4.25,-0.77,-0.57,0.01
688,202011,12.44,7.12,2.09,-2.25,1.28,0.01
689,202012,4.63,4.93,-1.68,-1.97,-0.06,0.01
690,202101,-0.07,6.81,3.22,-3.65,4.97,0.0
691,202102,2.81,4.5,7.2,0.33,-1.99,0.0
692,202103,3.16,-0.84,7.35,6.35,3.52,0.0
693,202104,4.97,-3.16,-1.02,2.43,-2.72,0.0
694,202105,0.29,1.27,7.04,2.34,3.01,0.0
695,202106,2.73,-0.3,-7.86,-2.14,-0.93,0.0
696,202107,1.34,-4.55,-1.79,5.5,-0.59,0.0
697,202108,2.95,-0.66,-0.23,-0.26,-1.72,0.0
698,202109,-4.4,1.12,5.12,-1.92,2.0,0.0
699,202110,6.63,-2.7,-0.53,1.71,-1.54,0.0
700,202111,-1.58,-1.7,-0.37,7.19,1.7,0.0
701,202112,3.24,-0.78,3.25,4.88,4.29,0.01
702,202201,-6.15,-4.01,12.86,0.77,7.73,0.0
703,202202,-2.28,2.86,3.06,-2.03,3.03,0.0
704,202203,3.08,-2.11,-1.9,-1.5,3.21,0.0
705,202204,-9.41,-0.35,6.18,3.41,5.92,0.0
706,202205,-0.33,-0.03,8.44,1.55,3.95,0.03
707,202206,-8.4,1.33,-6.0,1.76,-4.58,0.06
708,202207,9.57,1.78,-4.15,0.77,-6.85,0.08
709,202208,-3.77,1.49,0.18,-4.78,1.32,0.19
710,202209,-9.34,-0.97,0.03,-1.37,-0.77,0.19
711,202210,7.86,1.81,7.97,3.27,6.43,0.23
712,202211,4.69,-2.75,1.48,6.3,3.15,0.29
713,202212,-6.38,-0.19,1.34,0.32,4.28,0.33
714,202301,6.59,4.39,-3.94,-2.42,-4.43,0.35
715,202302,-2.57,0.58,-0.8,0.97,-1.51,0.34
716,202303,2.49,-6.89,-9.05,2.27,-2.1,0.36
717,202304,0.63,-2.57,-0.12,2.42,2.85,0.35
718,202305,0.33,-0.43,-7.79,-1.78,-7.08,0.36
719,202306,6.46,1.28,-0.13,2.32,-1.54,0.4
720,202307,3.21,2.86,4.06,-0.59,0.66,0.45
721,202308,-2.36,-3.65,-1.15,3.35,-2.41,0.45
722,202309,-5.23,-1.78,1.49,1.87,-0.77,0.43
723,202310,-3.15,-4.03,0.2,2.41,-0.69,0.47
724,202311,8.88,-0.2,1.67,-3.73,-1.08,0.44
725,202312,4.86,7.27,4.89,-2.97,1.29,0.43
726,202401,0.73,-5.72,-2.38,0.67,-0.97,0.47
727,202402,5.07,-0.82,-3.43,-2.06,-2.17,0.42
728,202403,2.84,-1.21,4.16,1.33,1.14,0.43
729,202404,-4.65,-2.59,-0.45,1.14,-0.31,0.47
730,202405,4.32,0.59,-1.31,3.17,-2.85,0.44
731,202406,2.8,-4.32,-3.36,0.56,-1.8,0.41
732,202407,1.22,8.34,5.62,0.26,0.28,0.45
733,202408,1.61,-3.55,-1.1,0.76,0.82,0.48
734,202409,1.73,-0.92,-2.77,0.2,-0.29,0.4
735,202410,-1.0,-0.89,0.86,-1.48,0.98,0.39
736,202411,6.49,4.59,0.15,-2.31,-2.05,0.4
737,202412,-3.15,-3.83,-3.0,1.89,-1.21,0.37
738,202501,2.8,-1.23,1.63,-2.35,-3.24,0.37
739,202502,-2.43,-4.91,4.91,1.08,3.06,0.33
740,202503,-6.39,-1.49,2.9,2.11,-0.47,0.34
741,202504,-0.84,-1.86,-3.4,-2.85,-2.67,0.35
742,202505,6.06,-0.72,-2.88,1.29,2.51,0.38
743,202506,4.86,-0.02,-1.61,-3.2,1.44,0.34
744,202507,1.98,-0.15,-1.27,-0.31,-2.07,0.34
745,202508,1.85,4.88,4.42,-0.68,2.08,0.38
746,202509,3.39,-2.18,-1.05,-2.06,-2.22,0.33
747,202510,1.96,-1.31,-3.09,-5.21,-4.03,0.37
748,202511,-0.13,1.47,3.76,1.42,0.68,0.3
749,202512,-0.36,-0.22,2.42,0.4,0.37,0.34
